Customer_Key,Customer_Name,Customer_Segment,Credit_Limit_USD,Standard_Payment_Terms,Risk_Category
CUST-0001,Client Corp 0001,Mid-Market,50000,30,Medium
CUST-0002,Client Corp 0002,Mid-Market,100000,30,Low
CUST-0003,Client Corp 0003,SMB,50000,30,High
CUST-0004,Client Corp 0004,SMB,25000,30,High
CUST-0005,Client Corp 0005,Mid-Market,100000,45,Low
CUST-0006,Client Corp 0006,Mid-Market,200000,30,Low
CUST-0007,Client Corp 0007,SMB,50000,30,High
CUST-0008,Client Corp 0008,Enterprise,1000000,90,Low
CUST-0009,Client Corp 0009,SMB,50000,30,Low
CUST-0010,Client Corp 0010,SMB,25000,45,Medium
CUST-0011,Client Corp 0011,Enterprise,1000000,60,Low
CUST-0012,Client Corp 0012,SMB,50000,45,Low
CUST-0013,Client Corp 0013,Mid-Market,100000,45,Low
CUST-0014,Client Corp 0014,Mid-Market,50000,60,Medium
CUST-0015,Client Corp 0015,SMB,25000,45,Medium
CUST-0016,Client Corp 0016,Mid-Market,100000,30,Low
CUST-0017,Client Corp 0017,Mid-Market,50000,30,Medium
CUST-0018,Client Corp 0018,Mid-Market,50000,30,Medium
CUST-0019,Client Corp 0019,Enterprise,1000000,60,Low
CUST-0020,Client Corp 0020,Mid-Market,200000,60,Medium
CUST-0021,Client Corp 0021,SMB,15000,30,High
CUST-0022,Client Corp 0022,Mid-Market,200000,60,Low
CUST-0023,Client Corp 0023,Enterprise,1000000,60,Low
CUST-0024,Client Corp 0024,SMB,25000,45,Medium
CUST-0025,Client Corp 0025,Enterprise,500000,90,Low
CUST-0026,Client Corp 0026,Mid-Market,100000,45,Medium
CUST-0027,Client Corp 0027,Mid-Market,100000,45,Low
CUST-0028,Client Corp 0028,SMB,15000,30,Medium
CUST-0029,Client Corp 0029,SMB,50000,30,Medium
CUST-0030,Client Corp 0030,Mid-Market,50000,30,Low
CUST-0031,Client Corp 0031,Enterprise,500000,60,Low
CUST-0032,Client Corp 0032,Enterprise,500000,90,Low
CUST-0033,Client Corp 0033,Enterprise,300000,60,Low
CUST-0034,Client Corp 0034,Mid-Market,100000,30,Low
CUST-0035,Client Corp 0035,Mid-Market,100000,45,Low
CUST-0036,Client Corp 0036,Mid-Market,200000,30,Low
CUST-0037,Client Corp 0037,Enterprise,300000,60,Low
CUST-0038,Client Corp 0038,Mid-Market,100000,45,Medium
CUST-0039,Client Corp 0039,Enterprise,300000,60,Medium
CUST-0040,Client Corp 0040,Mid-Market,200000,30,High
CUST-0041,Client Corp 0041,Mid-Market,100000,45,Low
CUST-0042,Client Corp 0042,Mid-Market,200000,45,Medium
CUST-0043,Client Corp 0043,Mid-Market,200000,60,Low
CUST-0044,Client Corp 0044,SMB,25000,30,Low
CUST-0045,Client Corp 0045,SMB,50000,30,Low
CUST-0046,Client Corp 0046,Mid-Market,200000,30,Medium
CUST-0047,Client Corp 0047,SMB,50000,30,Medium
CUST-0048,Client Corp 0048,Mid-Market,100000,60,Medium
CUST-0049,Client Corp 0049,SMB,25000,45,High
CUST-0050,Client Corp 0050,Mid-Market,100000,60,Medium
CUST-0051,Client Corp 0051,Mid-Market,50000,30,High
CUST-0052,Client Corp 0052,SMB,50000,30,Low
CUST-0053,Client Corp 0053,SMB,50000,45,Medium
CUST-0054,Client Corp 0054,SMB,50000,45,High
CUST-0055,Client Corp 0055,Mid-Market,100000,30,Low
CUST-0056,Client Corp 0056,Mid-Market,50000,30,Low
CUST-0057,Client Corp 0057,Mid-Market,200000,45,Low
CUST-0058,Client Corp 0058,SMB,15000,30,Low
CUST-0059,Client Corp 0059,Mid-Market,200000,45,Low
CUST-0060,Client Corp 0060,Mid-Market,200000,30,Low
CUST-0061,Client Corp 0061,Mid-Market,100000,60,Low
CUST-0062,Client Corp 0062,SMB,50000,30,Medium
CUST-0063,Client Corp 0063,Mid-Market,50000,30,Medium
CUST-0064,Client Corp 0064,Mid-Market,200000,45,Low
CUST-0065,Client Corp 0065,SMB,25000,45,High
CUST-0066,Client Corp 0066,Mid-Market,50000,60,Low
CUST-0067,Client Corp 0067,Mid-Market,200000,60,High
CUST-0068,Client Corp 0068,Mid-Market,50000,30,Low
CUST-0069,Client Corp 0069,Mid-Market,100000,45,High
CUST-0070,Client Corp 0070,Mid-Market,100000,30,Medium
CUST-0071,Client Corp 0071,SMB,25000,30,Low
CUST-0072,Client Corp 0072,Mid-Market,50000,30,Medium
CUST-0073,Client Corp 0073,Mid-Market,100000,60,Medium
CUST-0074,Client Corp 0074,SMB,15000,30,Low
CUST-0075,Client Corp 0075,Mid-Market,50000,30,Low
CUST-0076,Client Corp 0076,Enterprise,1000000,60,Low
CUST-0077,Client Corp 0077,Enterprise,1000000,60,Low
CUST-0078,Client Corp 0078,Enterprise,500000,60,Low
CUST-0079,Client Corp 0079,Enterprise,500000,90,Low
CUST-0080,Client Corp 0080,Enterprise,300000,90,Low
CUST-0081,Client Corp 0081,SMB,50000,30,Low
CUST-0082,Client Corp 0082,Mid-Market,200000,45,Low
CUST-0083,Client Corp 0083,Enterprise,500000,60,Low
CUST-0084,Client Corp 0084,SMB,50000,30,Medium
CUST-0085,Client Corp 0085,Mid-Market,100000,60,Medium
CUST-0086,Client Corp 0086,Mid-Market,50000,30,High
CUST-0087,Client Corp 0087,Mid-Market,100000,30,Low
CUST-0088,Client Corp 0088,SMB,15000,45,Medium
CUST-0089,Client Corp 0089,Mid-Market,100000,45,Low
CUST-0090,Client Corp 0090,Mid-Market,200000,45,Low
CUST-0091,Client Corp 0091,Enterprise,300000,60,Low
CUST-0092,Client Corp 0092,SMB,15000,30,Low
CUST-0093,Client Corp 0093,Mid-Market,200000,30,Low
CUST-0094,Client Corp 0094,Mid-Market,100000,45,Medium
CUST-0095,Client Corp 0095,Enterprise,1000000,60,Medium
CUST-0096,Client Corp 0096,Mid-Market,50000,45,Medium
CUST-0097,Client Corp 0097,SMB,25000,30,Medium
CUST-0098,Client Corp 0098,SMB,25000,30,Low
CUST-0099,Client Corp 0099,SMB,50000,45,Medium
CUST-0100,Client Corp 0100,SMB,25000,30,Low
CUST-0101,Client Corp 0101,Mid-Market,100000,30,Low
CUST-0102,Client Corp 0102,Mid-Market,50000,45,Low
CUST-0103,Client Corp 0103,Mid-Market,100000,60,Low
CUST-0104,Client Corp 0104,Enterprise,300000,60,Medium
CUST-0105,Client Corp 0105,Enterprise,300000,90,Low
CUST-0106,Client Corp 0106,Enterprise,300000,60,Low
CUST-0107,Client Corp 0107,SMB,25000,30,Medium
CUST-0108,Client Corp 0108,SMB,15000,30,Medium
CUST-0109,Client Corp 0109,SMB,50000,30,High
CUST-0110,Client Corp 0110,Mid-Market,50000,30,High
CUST-0111,Client Corp 0111,Mid-Market,50000,60,Low
CUST-0112,Client Corp 0112,Mid-Market,100000,45,Low
CUST-0113,Client Corp 0113,Mid-Market,50000,30,Medium
CUST-0114,Client Corp 0114,Mid-Market,50000,45,Medium
CUST-0115,Client Corp 0115,SMB,15000,45,High
CUST-0116,Client Corp 0116,SMB,25000,30,High
CUST-0117,Client Corp 0117,Mid-Market,100000,60,Medium
CUST-0118,Client Corp 0118,SMB,15000,30,Low
CUST-0119,Client Corp 0119,SMB,25000,30,High
CUST-0120,Client Corp 0120,Enterprise,300000,60,Medium
CUST-0121,Client Corp 0121,Mid-Market,50000,60,Low
CUST-0122,Client Corp 0122,SMB,15000,30,Medium
CUST-0123,Client Corp 0123,Enterprise,300000,60,Low
CUST-0124,Client Corp 0124,Mid-Market,200000,30,Low
CUST-0125,Client Corp 0125,Enterprise,500000,60,Low
CUST-0126,Client Corp 0126,Enterprise,300000,90,Low
CUST-0127,Client Corp 0127,Mid-Market,50000,30,Low
CUST-0128,Client Corp 0128,SMB,25000,30,High
CUST-0129,Client Corp 0129,SMB,15000,30,High
CUST-0130,Client Corp 0130,Mid-Market,200000,60,Low
CUST-0131,Client Corp 0131,Mid-Market,50000,45,Medium
CUST-0132,Client Corp 0132,Mid-Market,200000,60,Medium
CUST-0133,Client Corp 0133,Mid-Market,200000,30,Low
CUST-0134,Client Corp 0134,SMB,25000,30,Medium
CUST-0135,Client Corp 0135,Mid-Market,100000,30,Low
CUST-0136,Client Corp 0136,Mid-Market,50000,60,High
CUST-0137,Client Corp 0137,Mid-Market,50000,30,Low
CUST-0138,Client Corp 0138,Mid-Market,50000,30,Low
CUST-0139,Client Corp 0139,SMB,50000,30,Medium
CUST-0140,Client Corp 0140,Mid-Market,100000,60,Low
CUST-0141,Client Corp 0141,Enterprise,300000,90,Low
CUST-0142,Client Corp 0142,SMB,50000,30,Medium
CUST-0143,Client Corp 0143,SMB,50000,30,Low
CUST-0144,Client Corp 0144,Enterprise,1000000,60,Low
CUST-0145,Client Corp 0145,SMB,15000,30,Medium
CUST-0146,Client Corp 0146,SMB,50000,30,High
CUST-0147,Client Corp 0147,SMB,15000,30,Low
CUST-0148,Client Corp 0148,Mid-Market,50000,45,Low
CUST-0149,Client Corp 0149,Mid-Market,100000,30,Low
CUST-0150,Client Corp 0150,Mid-Market,100000,45,Medium
